INSERT INTO TB_HOSPITAL(name, telephone, consultation_price, hospitalization_price, hospital_cash, city, state, street_name, neighborhood, number, zip_code, complement) values('Santa Marta','+55 41 34160578',50.0, 100.0, 120000.0,'Curitiba','Paraná','Petrópolis','Centro','166','88356254','Próximo ao terminal de ônibus' );
INSERT INTO TB_HOSPITAL(name, telephone, consultation_price, hospitalization_price, hospital_cash, city, state, street_name, neighborhood, number, zip_code, complement) values('São José','+55 47 3080478',30.0, 80.0, 115000.0,'Joinville','Santa Catarina','Getúlio Vargas','Centro','1406','80196254','n/a' );

INSERT INTO TB_PERSON(name, last_name, nationality, gender, cpf, birth_date, telephone_number, cellphone_number,email,hospital_id, city, state, street_name, neighborhood, number, zip_code, complement) values('Adam','Firstmann',1,0,'123456789','1999-01-01','+ 55 41 32255489','+ 55 41 998852345','adam@gmail.com',1,'Curitiba','Paraná','Perola do Oeste','Centro','1566','88332254','Ao lado do posto de saúde');
INSERT INTO tb_person(name, last_name, nationality, gender, cpf, birth_date, telephone_number, cellphone_number, email, hospital_id, city, state, street_name, neighborhood, number, zip_code, complement) VALUES ('Ricardo', 'Fernandes', 0, 0, '11111111111', '1980-01-01', '+554132255489', '+5541998852009', 'ricardo.fernandes@example.com', 1, 'Campinas', 'São Paulo', 'Rua das Hortas', 'Jardim do Sol', '201', '13000000', 'Em frente à padaria');
INSERT INTO tb_person(name, last_name, nationality, gender, cpf, birth_date, telephone_number, cellphone_number, email, hospital_id, city, state, street_name, neighborhood, number, zip_code, complement) VALUES ('Elaine', 'Martins', 1, 1, '22222222222', '1987-10-10', '+554132255490', '+5541998852010', 'elaine.martins@example.com', 2, 'Vitória', 'Espírito Santo', 'Av. Vitória', 'Centro', '202', '29000000', 'Ao lado da catedral');
INSERT INTO tb_person(name, last_name, nationality, gender, cpf, birth_date, telephone_number, cellphone_number, email, hospital_id, city, state, street_name, neighborhood, number, zip_code, complement) VALUES ('Gustavo', 'Santos', 0, 0, '33333333333', '1994-04-04', '+554132255491', '+5541998852011', 'gustavo.santos@example.com', 1, 'Curitiba', 'Paraná', 'Rua dos Pinheiros', 'Batel', '203', '80420000', 'Ao lado da academia');
INSERT INTO tb_person(name, last_name, nationality, gender, cpf, birth_date, telephone_number, cellphone_number, email, hospital_id, city, state, street_name, neighborhood, number, zip_code, complement) VALUES ('Tânia', 'Ferraz', 0, 1, '44444444444', '1982-09-09', '+554132255492', '+5541998852012', 'tania.ferraz@example.com', 2, 'Rio de Janeiro', 'Rio de Janeiro', 'Av. Atlântica', 'Copacabana', '204', '22000000', 'Frente à praia');
INSERT INTO tb_person(name, last_name, nationality, gender, cpf, birth_date, telephone_number, cellphone_number, email, hospital_id, city, state, street_name, neighborhood, number, zip_code, complement) VALUES ('Renato', 'Farias', 1, 0, '55555555555', '1970-12-12', '+554132255493', '+5541998852013', 'renato.farias@example.com', 1, 'Salvador', 'Bahia', 'Rua do Carmo', 'Pelourinho', '205', '40000000', 'Próximo ao elevador Lacerda');
INSERT INTO tb_person(name, last_name, nationality, gender, cpf, birth_date, telephone_number, cellphone_number, email, hospital_id, city, state, street_name, neighborhood, number, zip_code, complement) VALUES ('Paula', 'Teixeira', 0, 1, '66666666666', '1998-07-07', '+554132255494', '+5541998852014', 'paula.teixeira@example.com', 2, 'Maceió', 'Alagoas', 'Av. Fernandes Lima', 'Farol', '206', '57000000', 'Ao lado da faculdade');
INSERT INTO tb_person(name, last_name, nationality, gender, cpf, birth_date, telephone_number, cellphone_number, email, hospital_id, city, state, street_name, neighborhood, number, zip_code, complement) VALUES ('Marcos', 'Vieira', 0, 0, '77777777777', '1984-03-03', '+554132255495', '+5541998852015', 'marcos.vieira@example.com', 1, 'Goiânia', 'Goiás', 'Rua das Palmeiras', 'Setor Oeste', '207', '74000000', 'Ao lado do parque municipal');
INSERT INTO tb_person(name, last_name, nationality, gender, cpf, birth_date, telephone_number, cellphone_number, email, hospital_id, city, state, street_name, neighborhood, number, zip_code, complement) VALUES ('Aline', 'Rocha', 1, 1, '88888888888', '1990-11-11', '+554132255496', '+5541998852016', 'aline.rocha@example.com', 2, 'Belém', 'Pará', 'Rua dos Jacarandás', 'Nazaré', '208', '66000000', 'Próximo à basílica');
INSERT INTO tb_person(name, last_name, nationality, gender, cpf, birth_date, telephone_number, cellphone_number, email, hospital_id, city, state, street_name, neighborhood, number, zip_code, complement) VALUES ('Anderson', 'Costa', 0, 0, '99999999999', '1991-06-06', '+554132255497', '+5541998852017', 'anderson.costa@example.com', 1, 'Campo Grande', 'Mato Grosso do Sul', 'Av. Mato Grosso', 'Centro', '209', '79000000', 'Ao lado do shopping');
INSERT INTO tb_person(name, last_name, nationality, gender, cpf, birth_date, telephone_number, cellphone_number, email, hospital_id, city, state, street_name, neighborhood, number, zip_code, complement) VALUES ('Patrícia', 'Silveira', 0, 1, '00000000000', '1983-08-08', '+554132255498', '+5541998852018', 'patricia.silveira@example.com', 2, 'Aracaju', 'Sergipe', 'Rua São Cristóvão', 'Centro', '210', '49000000', 'Ao lado da rodoviária');
INSERT INTO tb_person(name, last_name, nationality, gender, cpf, birth_date, telephone_number, cellphone_number, email, hospital_id, city, state, street_name, neighborhood, number, zip_code, complement) VALUES ('Lucas', 'Mendonça', 1, 0, '10101010101', '1992-05-15', '+554132255499', '+5541998852019', 'lucas.mendonca@example.com', 1, 'Curitiba', 'Paraná', 'Rua das Acácias', 'Centro', '211', '88000000', 'Próximo ao mercado central');


INSERT INTO TB_USER(email, password, role, person_id) VALUES('adam@gmail.com','$2a$10$123456HASHAQUI',1,1);
INSERT INTO tb_user(email, password, role, person_id) VALUES ('ricardo.fernandes@example.com', '$2a$10$123456HASHAQUI', 1, 2);
INSERT INTO tb_user(email, password, role, person_id) VALUES ('elaine.martins@example.com', '$2a$10$123456HASHAQUI', 1, 3);
INSERT INTO tb_user(email, password, role, person_id) VALUES ('gustavo.santos@example.com', '$2a$10$123456HASHAQUI', 1, 4);
INSERT INTO tb_user(email, password, role, person_id) VALUES ('tania.ferraz@example.com', '$2a$10$123456HASHAQUI', 1, 5);
INSERT INTO tb_user(email, password, role, person_id) VALUES ('renato.farias@example.com', '$2a$10$123456HASHAQUI', 1, 6);
INSERT INTO tb_user(email, password, role, person_id) VALUES ('paula.teixeira@example.com', '$2a$10$123456HASHAQUI', 1, 7);
INSERT INTO tb_user(email, password, role, person_id) VALUES ('marcos.vieira@example.com', '$2a$10$123456HASHAQUI', 1, 8);
INSERT INTO tb_user(email, password, role, person_id) VALUES ('aline.rocha@example.com', '$2a$10$123456HASHAQUI', 1, 9);
INSERT INTO tb_user(email, password, role, person_id) VALUES ('anderson.costa@example.com', '$2a$10$123456HASHAQUI', 1, 10);
INSERT INTO tb_user(email, password, role, person_id) VALUES ('patricia.silveira@example.com', '$2a$10$123456HASHAQUI', 1, 11)
INSERT INTO TB_USER(email, password) VALUES('marcopedro@gmail.com','$2a$10$123456HASHAQUI');

INSERT INTO TB_PATIENT(id,mothers_name,profession) VALUES (1,'Eva','Agricultor');
INSERT INTO TB_PATIENT(id,mothers_name, profession) VALUES (2,'Maria da Silva', 'Professor');
INSERT INTO TB_PATIENT(id,mothers_name, profession) VALUES (3,'Josefa Almeida', 'Costureira');
INSERT INTO TB_PATIENT(id,mothers_name, profession) VALUES (4,'Luciana Pereira', 'Enfermeiro');
INSERT INTO TB_PATIENT(id,mothers_name, profession) VALUES (5,'Ana Souza', 'Doméstica');
INSERT INTO TB_PATIENT(id,mothers_name, profession) VALUES (6,'Helena Rocha', 'Cozinheiro');
INSERT INTO TB_PATIENT(id,mothers_name, profession) VALUES (7,'Francisca Santos', 'Vendedora');
INSERT INTO TB_PATIENT(id,mothers_name, profession) VALUES (8,'Sebastiana Oliveira', 'Artesão');
INSERT INTO TB_PATIENT(id,mothers_name, profession) VALUES (9,'Teresa Fernandes', 'Secretária');
INSERT INTO TB_PATIENT(id,mothers_name, profession) VALUES (10,'Catarina Gomes', 'Auxiliar de Limpeza');
INSERT INTO TB_PATIENT(id,mothers_name, profession) VALUES (11,'Rita Costa', 'Bordadeira');

INSERT INTO TB_EMPLOYEE(id, salary, work_shift) values(12,20700.0,0);

INSERT INTO TB_DOCTOR(id,professional_registration, specialty) VALUES(12,'CRM-PR 23564',0);

INSERT INTO TB_SCHEDULE(schedule_date, schedule_type, hospital_service_type, city, state, street_name, neighborhood, number, zip_code, complement, patient_id, doctor_id) values ('2025-07-20',0,0,'Curitiba','Paraná','Petrópolis','Centro','166','88356254','Próximo ao terminal de ônibus',1,12);